Workbook

Sheet All Jobs
A1: Company | B1: Job Title | C1: Location | D1: City Group | E1: Track | F1: Experience | G1: Job Type | H1: Posted Date | I1: Apply URL
A2: UnitedHealth Group | B2: AI/ML Engineer - Python, LLM, RAG, Cloud | C2: Bengaluru, Karnataka | D2: Bangalore | E2: Agentic AI/GenAI | F2: 3+ yrs | G2: Full-time | H2: 2026-06-22 | I2: https://to.indeed.com/aavkfcvy9wnc
A3: UnitedHealth Group | B3: Senior AI/ML Engineer - LLM, RAG, Agentic AI | C3: Bengaluru, Karnataka | D3: Bangalore | E3: Agentic AI/GenAI | F3: 8+ yrs | G3: Full-time | H3: 2026-07-02 | I3: https://to.indeed.com/aa8lxknvj2g8
A4: UnitedHealth Group | B4: Lead Gen AI & Agentic AI Architect (Senior AI/ML Engineer Gen AI Specialist) | C4: Bengaluru, Karnataka | D4: Bangalore | E4: Agentic AI/GenAI | F4: 8+ yrs | G4: Full-time | H4: 2026-07-02 | I4: https://to.indeed.com/aa8rfmh7lrhv
A5: Optum | B5: AI/ML Engineer - Python, LLM, RAG, Cloud | C5: Bengaluru, Karnataka | D5: Bangalore | E5: Agentic AI/GenAI | F5: 3+ yrs | G5: Full-time | H5: 2026-06-22 | I5: https://to.indeed.com/aagw2kx7gxrq
A6: American Express | B6: AI Engineer II | C6: Bengaluru, Karnataka | D6: Bangalore | E6: Agentic AI/GenAI | F6: Mid | G6: Full-time | H6: 2026-06-30 | I6: https://to.indeed.com/aadxkkl4dd9n
A7: Gainwell Technologies | B7: Data Science AI Engineer | C7: Bangalore, KA | D7: Bangalore | E7: Agentic AI/GenAI | F7: 5-15 yrs | G7: Full-time | H7: 2026-07-01 | I7: https://to.indeed.com/aad866ql77l4
A8: Applied Materials | B8: Agentic AI Systems Engineer | C8: Bangalore | D8: Bangalore | E8: Agentic AI/GenAI | F8: Senior | G8: Full-time | H8: 2026-04-20 | I8: https://to.indeed.com/aaqr7sr9tzv9
A9: PwC | B9: Associate GenAI and Agentic AI Engineer (GCC Advisory) | C9: Bengaluru, Karnataka | D9: Bangalore | E9: Agentic AI/GenAI | F9: 2-3 yrs | G9: Full-time | H9: 2026-06-22 | I9: https://to.indeed.com/aafv9h8b4zfr
A10: PwC | B10: Senior Associate - Python (Data and Analytics Advisory) | C10: Bengaluru, Karnataka | D10: Bangalore | E10: Backend | F10: 4+ yrs | G10: Full-time | H10: 2026-03-31 | I10: https://to.indeed.com/aawlv7xb6csp
A11: HPE | B11: AI Data Engineer | C11: Bengaluru, Karnataka | D11: Bangalore | E11: Hybrid | F11: 4-5 yrs | G11: Full-time | H11: 2026-05-27 | I11: https://to.indeed.com/aaqrdzrp4fq4
A12: CliniSys | B12: AI Software Engineer | C12: Bengaluru, Karnataka | D12: Bangalore | E12: Agentic AI/GenAI | F12: 3+ yrs | G12: — | H12: 2026-04-28 | I12: https://to.indeed.com/aanwps9b72sr
... A83: WE Excel Software | B83: Sr Python Developer | C83: Chandigarh | D83: Chandigarh | E83: Backend | F83: Senior | G83: — | H83: 2026-02-28 | I83: https://to.indeed.com/aabsbvjqd7l6

Sheet By City Summary
A1: City Group | B1: Backend | C1: Agentic AI/GenAI | D1: Hybrid | E1: Total
A2: Bangalore | B2: =COUNTIFS('All Jobs'!$D$2:$D$83,$A2,'All Jobs'!$E$2:$E$83,B$1) -> 7 | C2: =COUNTIFS('All Jobs'!$D$2:$D$83,$A2,'All Jobs'!$E$2:$E$83,C$1) -> 15 | D2: =COUNTIFS('All Jobs'!$D$2:$D$83,$A2,'All Jobs'!$E$2:$E$83,D$1) -> 7 | E2: =SUM(B2:D2) -> 29
A3: Hyderabad | B3: =COUNTIFS('All Jobs'!$D$2:$D$83,$A3,'All Jobs'!$E$2:$E$83,B$1) -> 3 | C3: =COUNTIFS('All Jobs'!$D$2:$D$83,$A3,'All Jobs'!$E$2:$E$83,C$1) -> 8 | D3: =COUNTIFS('All Jobs'!$D$2:$D$83,$A3,'All Jobs'!$E$2:$E$83,D$1) -> 0 | E3: =SUM(B3:D3) -> 11
A4: Pune | B4: =COUNTIFS('All Jobs'!$D$2:$D$83,$A4,'All Jobs'!$E$2:$E$83,B$1) -> 4 | C4: =COUNTIFS('All Jobs'!$D$2:$D$83,$A4,'All Jobs'!$E$2:$E$83,C$1) -> 3 | D4: =COUNTIFS('All Jobs'!$D$2:$D$83,$A4,'All Jobs'!$E$2:$E$83,D$1) -> 1 | E4: =SUM(B4:D4) -> 8
A5: Indore | B5: =COUNTIFS('All Jobs'!$D$2:$D$83,$A5,'All Jobs'!$E$2:$E$83,B$1) -> 6 | C5: =COUNTIFS('All Jobs'!$D$2:$D$83,$A5,'All Jobs'!$E$2:$E$83,C$1) -> 4 | D5: =COUNTIFS('All Jobs'!$D$2:$D$83,$A5,'All Jobs'!$E$2:$E$83,D$1) -> 1 | E5: =SUM(B5:D5) -> 11
A6: NCR | B6: =COUNTIFS('All Jobs'!$D$2:$D$83,$A6,'All Jobs'!$E$2:$E$83,B$1) -> 5 | C6: =COUNTIFS('All Jobs'!$D$2:$D$83,$A6,'All Jobs'!$E$2:$E$83,C$1) -> 9 | D6: =COUNTIFS('All Jobs'!$D$2:$D$83,$A6,'All Jobs'!$E$2:$E$83,D$1) -> 0 | E6: =SUM(B6:D6) -> 14
A7: Chandigarh | B7: =COUNTIFS('All Jobs'!$D$2:$D$83,$A7,'All Jobs'!$E$2:$E$83,B$1) -> 3 | C7: =COUNTIFS('All Jobs'!$D$2:$D$83,$A7,'All Jobs'!$E$2:$E$83,C$1) -> 4 | D7: =COUNTIFS('All Jobs'!$D$2:$D$83,$A7,'All Jobs'!$E$2:$E$83,D$1) -> 0 | E7: =SUM(B7:D7) -> 7
A8: Remote | B8: =COUNTIFS('All Jobs'!$D$2:$D$83,$A8,'All Jobs'!$E$2:$E$83,B$1) -> 0 | C8: =COUNTIFS('All Jobs'!$D$2:$D$83,$A8,'All Jobs'!$E$2:$E$83,C$1) -> 2 | D8: =COUNTIFS('All Jobs'!$D$2:$D$83,$A8,'All Jobs'!$E$2:$E$83,D$1) -> 0 | E8: =SUM(B8:D8) -> 2
A9: Total | B9: =SUM(B2:B8) -> 28 | C9: =SUM(C2:C8) -> 45 | D9: =SUM(D2:D8) -> 9 | E9: =SUM(E2:E8) -> 82
