Workbook

Sheet Internships
A1: S.No | B1: Company | C1: Role / Title | D1: Track | E1: Location | F1: Mode | G1: Type | H1: Pay | I1: Duration | J1: Posted | K1: Eligibility | L1: Company Description | M1: Job Description | N1: Key Skills | O1: Fit | P1: Notes / Caveats | Q1: Apply
A2: 1 | B2: Augurs Technologies | C2: AI/ML Intern | D2: Data Science | E2: Lucknow (Gomti Nagar) | F2: Onsite | G2: Service | H2: Not disclosed (unpaid/TBD) | I2: 6 months | J2: 2026-05-29 | K2: B.Tech/BCA/MCA/B.Sc/M.Sc (IT/CS/DS/AI-ML). FINAL-YEAR & recent grads welcome. | L2: Tech company doing software development, AI products, OTT solutions, web apps & enterprise IT services. | M2: Develop AI/ML models for real apps with senior data scientists on live client projects; data collection, preprocessing & analysis; build & test ML algorithms & predictive models; training, evaluation & optimization; integrate ML into web/mobile apps; research new techniques; documentation. | N2: Python, ML algorithms, Pandas/NumPy/Scikit-learn, TensorFlow/PyTorch, stats, APIs/DBs | O2: Strong | P2: Closest to Kanpur (Lucknow ~80 km). Final-year explicitly welcome; FT conversion possible. | Q2: =HYPERLINK("https://to.indeed.com/aa2wxrrjcdkc","Apply")
A3: 2 | B3: DataFoundry | C3: AI/ML Intern | D3: Data Science | E3: Remote | F3: Remote | G3: Product | H3: Unpaid first 3 months -> paid/FT on perf | I3: 3 months | J3: 2026-03-25 | K3: B.Tech/M.Tech/BE (CSE/ECE/IT)/M.Sc-IT/MCA | L3: AI-first product company building AI-automation products for Life Sciences (Pharmacovigilance); ML across Healthcare, Utilities, Aerospace, Manufacturing, Banking. | M3: Design, develop & deploy ML models & AI solutions with data science & engineering teams; data preprocessing, feature engineering, training & evaluation; assist production deployment; debug model performance; document workflows; research latest AI/ML. | N3: Python, ML/DL, feature engineering, model evaluation & deployment | O3: Strong | P3: Remote = ideal for Kanpur. Real product + conversion to paid after 3 months. | Q3: =HYPERLINK("https://to.indeed.com/aal6jtc8wq84","Apply")
A4: 3 | B4: Level AI | C4: Research Intern - Reinforcement Learning (RL) | D4: Data Science | E4: Noida | F4: Onsite | G4: Product | H4: Not disclosed (unpaid/TBD) | I4: Internship | J4: 2026-03-31 | K4: Pursuing/completed CS/AI/ML degree; strong RL fundamentals | L4: Series C Agentic-AI company building conversation intelligence + custom SLMs and RL systems for customer experience; team from Amazon, Google, Meta. | M4: Design & build RL environments modelling customer-interaction workflows; build RL agents learning from interaction data/rewards/feedback; define reward models; structure production data into training datasets; experiment with multi-agent systems; deploy & iterate at scale. | N4: Reinforcement Learning, probability/optimization, RLHF, LLM/SLM fine-tuning, Python | O4: Strong | P4: Top research role; aligns with your applied-ML/CLIP work. Prep RL basics before applying. | Q4: =HYPERLINK("https://to.indeed.com/aafy4ky82t9r","Apply")
A5: 4 | B5: MNJ Software | C5: Data Science Intern | D5: Data Science | E5: Remote | F5: Remote | G5: Service | H5: Reimbursement only (no fixed stipend) | I5: Permanent/Contract | J5: 2026-02-26 | K5: Student/grad in CS/Data Science/AI (Master's preferred) | L5: IT services, business solutions & outsourcing org delivering custom software, integration & testing via a Global Network Delivery Model. | M5: Build automated ETL pipelines on Azure functions; analyze captured data; support modelling & optimisation; design Power BI dashboards. 9-hour shift within 6am-10pm OR 6pm-6am IST. | N5: Python, Tableau/Power BI, statistics, Azure, ETL | O5: Caution | P5: Remote but generic JD + rotating/night shifts. Confirm shift before applying. | Q5: =HYPERLINK("https://to.indeed.com/aatdnjh8lpdj","Apply")
A6: 5 | B6: BIG WINGS LLC | C6: AI/ML Intern | D6: Data Science | E6: Bengaluru | F6: Onsite | G6: Product | H6: Not disclosed (unpaid/TBD) | I6: 3 months | J6: 2026-06-08 | K6: Pursuing/completed B.Tech/M.Tech/MCA (CS/DS/AI-ML) | L6: Fast-growing logistics-tech startup building a next-gen Trucking Management System (TMS) used in the US market; adding AI features (OCR, predictive analytics). | M6: Build & train OCR models to extract data from logistics docs; data preprocessing, cleaning & feature engineering; predictive models for driver performance & route optimization; integrate AI modules into the TMS; experiment with frameworks; document. | N6: Python, TensorFlow/PyTorch/Scikit-learn, Pandas, OpenCV, OCR, SQL/NoSQL | O6: Good | P6: Real product used in US market; strong applied-ML scope. Requires relocation to Bengaluru. | Q6: =HYPERLINK("https://to.indeed.com/aa44zvj9wqfv","Apply")
A7: 6 | B7: Kramah Software | C7: AI Intern | D7: Data Science | E7: Bengaluru | F7: Onsite | G7: Product | H7: Not disclosed ("competitive, skill-based") | I7: 3-6 months | J7: 2026-04-10 | K7: Degree in CS/Data Science/AI-ML or related | L7: 13-year-old Bangalore EdTech product company building AI-powered higher-education platforms (ERP, exams, LMS); global universities & governments. | M7: Assist designing, developing & testing AI/ML models; data collection, cleaning, preprocessing & analysis; research AI trends; collaborate on AI solutions; evaluate & improve model performance; document. | N7: Python, ML (supervised/unsupervised), GenAI & LLMs, DSA | O7: Good | P7: Stable product company; FT conversion possible. Stipend not fixed - confirm. | Q7: =HYPERLINK("https://to.indeed.com/aadcm27sl6fx","Apply")
A8: 7 | B8: Volvo Group | C8: Data Scientist Intern (RL) | D8: Data Science | E8: Bengaluru | F8: Onsite | G8: Product | H8: Not disclosed (unpaid/TBD) | I8: Internship | J8: 2026-06-16 | K8: Pursuing MASTER'S or PhD in CS/Data Science (higher bar) | L8: Global automotive & industrial leader (Group Trucks Technology) building sustainable transport solutions with next-gen tech. | M8: Design & implement ML models, esp. RL algorithms; analyze large datasets & prepare data; optimize RL agents in simulated/real environments; integrate ML/RL into production pipelines/test benches; document & present. | N8: Python, PyTorch/TensorFlow/Scikit-learn, RL, time-series (ANN/RNN/LSTM), SQL, Git | O8: Caution | P8: Great brand & RL, but prefers Master's/PhD - above penultimate-year B.Tech. | Q8: =HYPERLINK("https://to.indeed.com/aacpszbw88pz","Apply")
A9: 8 | B9: GE Vernova | C9: Advanced Research Intern (AI/ML) | D9: Data Science | E9: Bengaluru | F9: Onsite | G9: Product | H9: Not disclosed + relocation assistance | I9: Internship | J9: 2026-06-02 | K9: Enrolled in MASTER'S or Ph.D. (CS/EE/Applied Math/DS) | L9: Central R&D innovation engine for GE's energy businesses; 400+ researchers in decarbonization, renewables & grid modernization. | M9: Design & develop research experiments in time-series, machine vision & deep learning; develop novel AI/ML algorithms in Python/PyTorch/TensorFlow; build & evaluate models for time-series & image data; literature reviews; technical reports/papers. | N9: Python, PyTorch/TensorFlow/Keras, ML/DL, NumPy/pandas/matplotlib/OpenCV | O9: Caution | P9: Premier R&D + relocation, but prefers Master's/PhD. Stretch for B.Tech. | Q9: =HYPERLINK("https://to.indeed.com/aar9zlwyrwph","Apply")
A10: 9 | B10: Dozee | C10: Clinical Analyst Intern (RWE / Data) | D10: Data Science | E10: Bengaluru | F10: Onsite | G10: Product | H10: Not disclosed (unpaid/TBD) | I10: Internship | J10: 2026-05-25 | K10: Pursuing Life Sciences/Biostats/Public Health/Biomed; SQL+Python needed | L10: India's leading AI-powered contactless Remote Patient Monitoring & Early Warning System; 300+ hospitals, FDA-cleared; Series A+. | M10: Analyze de-identified patient data to generate Real World Evidence; descriptive & inferential stats (cohort, sensitivity/specificity, time-to-event) in SQL/Python/R; hypothesis-driven studies; literature reviews; build clinical-KPI dashboards; documentation. | N10: SQL, Python, R/SPSS, statistics, Excel, literature review | O10: Caution | P10: Healthtech RWE; eligibility leans life-sciences/clinical, not core CS. | Q10: =HYPERLINK("https://to.indeed.com/aaq2shcpw64p","Apply")
A11: 10 | B11: Teleperformance (TP) | C11: Data Analytics Intern | D11: Data Science | E11: Gurugram | F11: Onsite | G11: Service | H11: Not disclosed (unpaid/TBD) | I11: Internship | J11: 2026-06-02 | K11: Basic technical/vocational background; trainable | L11: Global customer-experience (CX) management & BPO leader providing omnichannel support to top companies. | M11: General analytics & statistical modeling on business datasets; data requirements, collection, cleaning, analysis, modeling & visualization; identify patterns/trends; inputs for Data Science & Big Data projects; automation. | N11: Data cleaning, statistics, modeling, visualization | O11: Good | P11: Big brand on resume + broad analytics exposure; entry-level depth. | Q11: =HYPERLINK("https://to.indeed.com/aarn7cybvbtl","Apply")
A12: 11 | B12: GeoTechnoSoft | C12: Python / Data Science Intern | D12: Data Science | E12: Noida (listing also mentions Patna) | F12: Onsite | G12: Service | H12: Not disclosed (unpaid/TBD) | I12: Internship | J12: 2026-06-15 | K12: Strong Python; data-analysis familiarity a plus | L12: IT-services company with a data-science team. | M12: Assist data scientists with data analysis, ML exploration & insightful reports; hands-on experience; strengthen Python; potential full-time on completion. | N12: Python, data analysis, Power BI/DAX, SQL, data structures | O12: Caution | P12: Title says Patna(onsite) but location shows Noida - confirm work city. | Q12: =HYPERLINK("https://to.indeed.com/aa4wxllvd4yl","Apply")
A13: 12 | B13: Vedanta Mobility (Kodukula) | C13: AI/ML Intern - Prototype (Founder Intern) | D13: Data Science | E13: Bengaluru | F13: Hybrid | G13: Product | H13: UNPAID (Rs 1-2/month token) | I13: 8-12 weeks | J13: 2026-06-10 | K13: AI/Data Science interns from TIER-2 cities only (Kanpur qualifies) | L13: Deep-tech AI startup (DIGNIPATH) building an AI-driven global-mobility & visa-intelligence platform; under review by MOI, UAE. | M13: Build a small AI proof-of-concept/demo; develop an intent-analysis model; create a prototype dashboard (Python/Streamlit); assist AI architecture & research docs. Possible UAE opportunity if prototype succeeds. | N13: Python, ML basics, data analysis, Streamlit/Scikit-learn | O13: Caution | P13: Truly UNPAID (Rs 1-2 token); Tier-2 only (Kanpur eligible). Experience play, not income. | Q13: =HYPERLINK("https://to.indeed.com/aadvxjvgxtrx","Apply")
A14: 13 | B14: Algorithus | C14: Software Developer Intern (JavaScript, Python, React.js) | D14: Software Dev | E14: Lucknow | F14: Onsite | G14: Service | H14: Not disclosed (unpaid/TBD) | I14: 6 months | J14: 2026-02-27 | K14: Pursuing/completed B/M in CS/IT/Software Engineering | L14: Software development company building web applications & products. | M14: Full-stack development: React.js front-end + Python backend (Django/FastAPI/Flask) for APIs & DB; integrate RESTful APIs & 3rd-party services; debugging, troubleshooting & performance optimization; unit testing; technical documentation. | N14: JavaScript, Python, React.js, Django/FastAPI/Flask, REST, SQL/MySQL/PostgreSQL/MongoDB, Git | O14: Strong | P14: Lucknow (~80 km) + matches your FastAPI/Django/JS stack almost exactly. | Q14: =HYPERLINK("https://to.indeed.com/aadt4whqvbdg","Apply")
A15: 14 | B15: Google | C15: Software Engineering Intern, Summer 2027 | D15: Software Dev | E15: Bengaluru / Hyderabad / Pune | F15: Onsite | G15: Product | H15: Not disclosed (top-tier) | I15: 10-12 weeks (May/Jun 2027) | J15: 2026-06-15 | K15: Pursuing Bachelor's/Master's/Dual in CS; penultimate year preferred | L15: Global big-tech product company (Search, Ads, Android, Chrome, YouTube, Cloud). | M15: Design, deploy & maintain end-to-end infrastructure for large-scale systems; develop scalable engineering solutions for Google products; build AI-integrated software; apply CS fundamentals to real-world challenges. Submit resume + transcript. | N15: DSA, software design, Java/C++/Python/Go/JS; distributed systems/ML a plus | O15: Strong | P15: PERFECT timing: 2027 grad = penultimate year. Your Top-1.5% LeetCode + production projects fit. APPLY BEFORE JUN 28, 2026. | Q15: =HYPERLINK("https://to.indeed.com/aahzvgyp7ld9","Apply")
A16: 15 | B16: CloudSEK | C16: SDE - Backend - Intern | D16: Software Dev | E16: Bengaluru | F16: Onsite | G16: Product | H16: Not disclosed (discussed at interview) | I16: Internship | J16: 2026-03-04 | K16: Pursuing/completed CS/Software Engineering or related | L16: One of India's most trusted cybersecurity PRODUCT companies (XVigil/BeVigil/SVigil); AI threat detection; Series A ($19M, 2025); NASSCOM award winner. | M16: Design, develop & maintain backend systems for cybersecurity products; write clean scalable code in NodeJS or Go; collaborate with FE devs, data scientists & PMs; code reviews; debug & resolve defects; documentation. | N16: NodeJS or Go, backend frameworks, APIs, SQL; (Docker/K8s/AWS/CI-CD a plus) | O16: Strong | P16: Excellent product company; your DSA/system-design fits. Note: stack is Node/Go (not Python); your Docker/cloud is a plus. | Q16: =HYPERLINK("https://to.indeed.com/aa8prr74yqfy","Apply")
A17: 16 | B17: Castus Info | C17: Software Developer Intern (Python) | D17: Software Dev | E17: Hyderabad | F17: Onsite | G17: Service | H17: Not disclosed (unpaid/TBD) | I17: Internship | J17: 2026-02-26 | K17: Regular B.Tech/BE/M.Tech/MCA/M.Sc (CS) | L17: Hyderabad IT-services company building Python web applications. | M17: Work in Python with a web framework (Django/Flask); use ORM libraries; integrate multiple data sources & databases; server-side templating (Jinja2/Mako); basic front-end (JS/HTML5/CSS3); event-driven programming. | N17: Python, Django/Flask, ORM, SQL, JS/HTML/CSS | O17: Good | P17: Backend/Python - directly matches your Django/FastAPI experience. | Q17: =HYPERLINK("https://to.indeed.com/aay8rfp8mdt6","Apply")
A18: 17 | B18: Data Channel | C18: Back End Developer (Intern) | D18: Software Dev | E18: Gurugram | F18: Onsite | G18: Product | H18: Not disclosed (unpaid/TBD) | I18: Part-time | J18: 2026-02-19 | K18: Pursuing/completed bachelor's in related field | L18: Company building a B2B analytics product for the Digital & Retail space. | M18: Design, develop & enhance B2B analytics product backend (DB + front-end); full-lifecycle web apps on LAMP stack; understand business requirements; deliver high-quality software. | N18: PHP, Python (Django/Flask), SQL (MySQL/PostgreSQL), OOP, design patterns, JS/HTML/CSS | O18: Good | P18: Backend role at a product company; note LAMP/PHP-leaning, Python is a plus. Part-time. | Q18: =HYPERLINK("https://to.indeed.com/aagth8lv8f68","Apply")

Sheet Summary
A1: Internships (Unpaid) - Abhishek Chaurasiya
A3: Metric | B3: Value
A4: Total (unpaid / no-stipend) | B4: 17
A5: Data Science track | B5: =COUNTIF(Internships!D2:D18,"Data Science")
A6: Software Dev track | B6: =COUNTIF(Internships!D2:D18,"Software Dev")
A7: Remote | B7: =COUNTIF(Internships!F2:F18,"Remote")
A8: Onsite | B8: =COUNTIF(Internships!F2:F18,"Onsite")
A9: Hybrid | B9: =COUNTIF(Internships!F2:F18,"Hybrid")
A10: Product companies | B10: =COUNTIF(Internships!G2:G18,"Product")
A11: Service companies | B11: =COUNTIF(Internships!G2:G18,"Service")
A12: Strong fit | B12: =COUNTIF(Internships!O2:O18,"Strong")
A13: Good fit | B13: =COUNTIF(Internships!O2:O18,"Good")
A14: Caution / check | B14: =COUNTIF(Internships!O2:O18,"Caution")

Sheet Read Me
A1: How to use this sheet
A3: Candidate: Abhishek Chaurasiya - penultimate-year B.Tech CS (Data Science spec.), PSIT Kanpur, grad 2027.
A4: Scope: Data Science / ML AND Software Developer / Backend internships. Use the 'Track' column to filter.
A5: Pay filter: only UNPAID or no-fixed-stipend roles (per request). Roles advertising a stipend amount were excluded.
A6: Click the 'Apply' cell -> opens that job's Indeed page where you press Apply.
A7: Row-1 filter arrows: filter by Track / Mode / Type / Fit.
A9: Column meaning
A10: Track = Data Science (ML/analytics) vs Software Dev (backend/full-stack/SDE).
A11: Mode = Remote / Onsite / Hybrid. Type = Product vs Service company.
A12: Pay = 'Unpaid' (explicit) or 'Not disclosed' (no stipend advertised - confirm with employer).
A13: Fit = Strong (apply now), Good (worth applying), Caution (read the note).
A15: Best starting points for Abhishek (Kanpur-based)
... A27: Source: Indeed job API, pulled 18 Jun 2026. Pay status can change - verify on the job page.
